consecutivo;genero;fecha_nac;Fecha_depurada;carrera;Carrera_depurada;PAPA;estrato;computador_mesa;portatil;internet;smartphone;origen_covid_19;estad_gov;habito_1;habito_2;habito_3;habito_4;habito_5;habito_6;habito_7;habito_8;habito_9;habito_10;habito_11;habito_12;habito_13;habito_14;habito_15;habito_16;habito_17;aleatorio
1;Masculino;19/01/2000;19/01/2000;ingeniería de control;Ingenieria de control;3.5;3;No;Si, propio.;Si. familiar,;Si, propio.;Fue fabricado en un laboratorio.;Si;Tomas notas transcribiendo los ejercicios en clase.;Escucha su música favorita mientras estudia.;Selecciona un lugar fijo de estudio.;Estudia varios temas distintos en una misma sesión de estudio.;Algunas veces estudia solo otras veces con amigos.;Toma pausas cada cierto tiempo de estudio continuo.;Usa los solucionarios para ver los ejercicios resueltos.;Resuelve usted mismo los ejercicios sin ver las respuestas anticipadamente.;Prefiere dar un vistazo a ejercicios resueltos de todos los posibles ejercicios.;NA;NA;NA;NA;NA;NA;NA;NA;7
2;Masculino;5/09/1999;5/09/1999;Ingeniería de sistemas e infor;Ingenieria de sistemas;3.8;3;Si, propio.;Si, propio.;Si. familiar,;Si, propio.;Fue un resultado de pasar el virus de animales a los humanos.;Si;Hace un horario de estudio y se ajusta estrictamente a ese horario.;Escucha su música favorita mientras estudia.;Selecciona un lugar fijo de estudio.;Estudia varios temas distintos en una misma sesión de estudio.;Algunas veces estudia solo otras veces con amigos.;Solo le pregunta a los amigos los ejercicios que no pudo resolver.;Toma pausas cada cierto tiempo de estudio continuo.;Estudia todo el tema el día anterior del examen.;Resuelve usted mismo los ejercicios sin ver las respuestas anticipadamente.;Prefiere pocos ejercicios bien entendios a dar un vistazo a muchos ejercicios resueltos.;NA;NA;NA;NA;NA;NA;NA;3
3;Masculino;12/10/2001;12/10/2001;Ingeniería de sistemas;Ingenieria de sistemas;3.5;2;Si, propio.;No;Si. familiar,;Si, propio.;Fue un resultado de pasar el virus de animales a los humanos.;Si;Estudia solo.;Toma pausas cada cierto tiempo de estudio continuo.;Trasnocha estudiando para un examen.;Resuelve usted mismo los ejercicios sin ver las respuestas anticipadamente.;Prefiere pocos ejercicios bien entendios a dar un vistazo a muchos ejercicios resueltos.;NA;NA;NA;NA;NA;NA;NA;NA;NA;NA;NA;NA;3
4;Femenino;21/01/2000;21/01/2000;Ingeniería de Sistemas;Ingenieria de sistemas;3.3;3;No;Si, pero prestado.;Si. familiar,;Si, propio.;Fue un resultado de pasar el virus de animales a los humanos.;No;Escucha su música favorita mientras estudia.;Estudia varios temas distintos en una misma sesión de estudio.;Algunas veces estudia solo otras veces con amigos.;Los ejercicios los hace junto con los amigos de estudio.;Toma pausas cada cierto tiempo de estudio continuo.;Estudia todo el tema el día anterior del examen.;Trasnocha estudiando para un examen.;Madruga a estudiar.;Memoriza ejercicios.;Usa los solucionarios para ver los ejercicios resueltos.;Prefiere dar un vistazo a ejercicios resueltos de todos los posibles ejercicios.;NA;NA;NA;NA;NA;NA;7
5;Masculino;22/11/2002;22/11/2002;Estadística;Estadistica;3.85;3;No;Si, propio.;Si, propio.;Si, propio.;Fue fabricado en un laboratorio.;No;Escucha su música favorita mientras estudia.;Toma pausas cada cierto tiempo de estudio continuo.;Resuelve usted mismo los ejercicios sin ver las respuestas anticipadamente.;Prefiere pocos ejercicios bien entendios a dar un vistazo a muchos ejercicios resueltos.;NA;NA;NA;NA;NA;NA;NA;NA;NA;NA;NA;NA;NA;2
6;Masculino;14/06/2000;14/06/2000;Ingeniería de sistemas e inf;Ingenieria de sistemas;3.6;2;No;Si, propio.;Si, propio.;Si, propio.;Fue un resultado de pasar el virus de animales a los humanos.;No;Tomas notas transcribiendo los ejercicios en clase.;Hace un horario de estudio y se ajusta estrictamente a ese horario.;Escucha su música favorita mientras estudia.;Selecciona un lugar fijo de estudio.;Lee varias veces un mismo capítulo del libro texto.;Estudia varios temas distintos en una misma sesión de estudio.;Estudia solo.;Memoriza ejercicios.;Usa los solucionarios para ver los ejercicios resueltos.;Resuelve usted mismo los ejercicios sin ver las respuestas anticipadamente.;Prefiere pocos ejercicios bien entendios a dar un vistazo a muchos ejercicios resueltos.;NA;NA;NA;NA;NA;NA;4
7;Masculino;24/09/1999;24/09/1999;Ingeniería en Sistemas;Ingenieria de sistemas;3.8;3;No;Si, propio.;Si. familiar,;Si, propio.;Fue un resultado de pasar el virus de animales a los humanos.;No;Tomas notas transcribiendo los ejercicios en clase.;Estudia varios temas distintos en una misma sesión de estudio.;Estudia con amigos.;Estudia solo.;Algunas veces estudia solo otras veces con amigos.;Solo le pregunta a los amigos los ejercicios que no pudo resolver.;Los ejercicios los hace junto con los amigos de estudio.;Toma pausas cada cierto tiempo de estudio continuo.;Resuelve usted mismo los ejercicios sin ver las respuestas anticipadamente.;Prefiere dar un vistazo a ejercicios resueltos de todos los posibles ejercicios.;NA;NA;NA;NA;NA;NA;NA;9
8;Femenino;7/09/2000;7/09/2000;Ingeniería Industrial;Ingenieria industrial;NA;3;Si, propio.;Si, pero prestado.;Si, propio.;Si, propio.;Fue un resultado de pasar el virus de animales a los humanos.;No;Selecciona un lugar fijo de estudio.;Estudia varios temas distintos en una misma sesión de estudio.;Estudia con amigos.;Algunas veces estudia solo otras veces con amigos.;Toma pausas cada cierto tiempo de estudio continuo.;NA;NA;NA;NA;NA;NA;NA;NA;NA;NA;NA;NA;7
9;Masculino;13/10/2000;13/10/2000;Ing. Sistemas;Ingenieria de sistemas;3.5;3;No;Si, pero prestado.;Si. familiar,;Si, propio.;No es real, es un pretexto de los gobiernos del mundo.;No;Tomas notas transcribiendo los ejercicios en clase.;Algunas veces estudia solo otras veces con amigos.;Los ejercicios los hace junto con los amigos de estudio.;Toma pausas cada cierto tiempo de estudio continuo.;Estudia todo el tema el día anterior del examen.;Trasnocha estudiando para un examen.;Madruga a estudiar.;Usa los solucionarios para ver los ejercicios resueltos.;Prefiere dar un vistazo a ejercicios resueltos de todos los posibles ejercicios.;NA;NA;NA;NA;NA;NA;NA;NA;4
10;Masculino;31/12/2000;31/12/2000;Ingeniería de sistemas;Ingenieria de sistemas;3.8;2;Si, propio.;No;Si, propio.;Si, propio.;Fue un resultado de pasar el virus de animales a los humanos.;Si;Estudia con amigos.;Estudia todo el tema el día anterior del examen.;NA;NA;NA;NA;NA;NA;NA;NA;NA;NA;NA;NA;NA;NA;NA;4
11;Masculino;8/01/2001;8/01/2001;ING. Sistemas;Ingenieria de sistemas;3.8;3;Si, propio.;No;Si, propio.;Si, propio.;Fue un resultado de pasar el virus de animales a los humanos.;Si;Algunas veces estudia solo otras veces con amigos.;Solo le pregunta a los amigos los ejercicios que no pudo resolver.;Toma pausas cada cierto tiempo de estudio continuo.;Trasnocha estudiando para un examen.;Resuelve usted mismo los ejercicios sin ver las respuestas anticipadamente.;NA;NA;NA;NA;NA;NA;NA;NA;NA;NA;NA;NA;4
12;Masculino;8/10/1996;8/10/1996;Ingeniería de sistemas;Ingenieria de sistemas;3.9;3;No;Si, propio.;Si. familiar,;Si, propio.;"Fue un resultado de pasar el virus de animales a los humanos.
Fue fabricado en un laboratorio.";No;Lee varias veces un mismo capítulo del libro texto.;Estudia solo.;Solo le pregunta a los amigos los ejercicios que no pudo resolver.;Trasnocha estudiando para un examen.;Madruga a estudiar.;Usa los solucionarios para ver los ejercicios resueltos.;Resuelve usted mismo los ejercicios sin ver las respuestas anticipadamente.;NA;NA;NA;NA;NA;NA;NA;NA;NA;NA;7
13;Masculino;20/01/1996;20/01/1996;Estadística;Estadistica;3.6;3;Si, propio.;Si, propio.;Si, propio.;Si, propio.;Fue fabricado en un laboratorio.;No;Tomas notas transcribiendo los ejercicios en clase.;Selecciona un lugar fijo de estudio.;Lee varias veces un mismo capítulo del libro texto.;Algunas veces estudia solo otras veces con amigos.;Usa los solucionarios para ver los ejercicios resueltos.;Resuelve usted mismo los ejercicios sin ver las respuestas anticipadamente.;NA;NA;NA;NA;NA;NA;NA;NA;NA;NA;NA;2
14;Femenino;25/12/1994;25/12/1994;Estadistica;Estadistica;NA;2;No;Si, pero prestado.;Si, alquilado.;Si, propio.;Fue un resultado de pasar el virus de animales a los humanos.;No;Escucha su música favorita mientras estudia.;Selecciona un lugar fijo de estudio.;Estudia con amigos.;Estudia solo.;Los ejercicios los hace junto con los amigos de estudio.;Prefiere pocos ejercicios bien entendios a dar un vistazo a muchos ejercicios resueltos.;NA;NA;NA;NA;NA;NA;NA;NA;NA;NA;NA;7
15;Femenino;5/11/1995;5/11/1995;Ingeniería Administrativa;Ingenieria administrativa;3.5;3;No;Si, propio.;Si, propio.;Si, propio.;Fue fabricado en un laboratorio.;Si;Tomas notas transcribiendo los ejercicios en clase.;Hace un horario de estudio y se ajusta estrictamente a ese horario.;Escucha su música favorita mientras estudia.;Estudia solo.;Solo le pregunta a los amigos los ejercicios que no pudo resolver.;Madruga a estudiar.;Usa los solucionarios para ver los ejercicios resueltos.;Prefiere dar un vistazo a ejercicios resueltos de todos los posibles ejercicios.;NA;NA;NA;NA;NA;NA;NA;NA;NA;5
16;Masculino;12/08/1993;12/08/1993;Ingenieria de Sistemas;Ingenieria de sistemas;3.6;3;Si, propio.;No;Si. familiar,;Si, propio.;Fue un resultado de pasar el virus de animales a los humanos.;No;Algunas veces estudia solo otras veces con amigos.;Estudia todo el tema el día anterior del examen.;Resuelve usted mismo los ejercicios sin ver las respuestas anticipadamente.;Prefiere pocos ejercicios bien entendios a dar un vistazo a muchos ejercicios resueltos.;NA;NA;NA;NA;NA;NA;NA;NA;NA;NA;NA;NA;NA;1
17;Masculino;17/05/1977;17/05/1977;Estadística;Estadistica;3.8;2;No;Si, propio.;Si, prestado.;Si, propio.;Fue fabricado en un laboratorio.;No;Tomas notas transcribiendo los ejercicios en clase.;Lee varias veces un mismo capítulo del libro texto.;Algunas veces estudia solo otras veces con amigos.;Solo le pregunta a los amigos los ejercicios que no pudo resolver.;Toma pausas cada cierto tiempo de estudio continuo.;Madruga a estudiar.;Usa los solucionarios para ver los ejercicios resueltos.;Resuelve usted mismo los ejercicios sin ver las respuestas anticipadamente.;Prefiere pocos ejercicios bien entendios a dar un vistazo a muchos ejercicios resueltos.;Prefiere dar un vistazo a ejercicios resueltos de todos los posibles ejercicios.;NA;NA;NA;NA;NA;NA;NA;8
18;Masculino;25/11/2000;25/11/2000;Ingenieria de sistemas;Ingenieria de sistemas;3.5;3;No;Si, propio.;Si. familiar,;Si, propio.;NA;No;Tomas notas transcribiendo los ejercicios en clase.;Escucha su música favorita mientras estudia.;Estudia con amigos.;Los ejercicios los hace junto con los amigos de estudio.;Usa los solucionarios para ver los ejercicios resueltos.;Prefiere pocos ejercicios bien entendios a dar un vistazo a muchos ejercicios resueltos.;NA;NA;NA;NA;NA;NA;NA;NA;NA;NA;NA;6
19;Masculino;4/12/1998;4/12/1998;Ing. sistemas e informática;Ingenieria de sistemas;3.6;1;No;Si, propio.;Si, pero plan de datos de celular.;Si, propio.;Fue un resultado de pasar el virus de animales a los humanos.;No;Tomas notas transcribiendo los ejercicios en clase.;Escucha su música favorita mientras estudia.;Algunas veces estudia solo otras veces con amigos.;Solo le pregunta a los amigos los ejercicios que no pudo resolver.;Toma pausas cada cierto tiempo de estudio continuo.;Trasnocha estudiando para un examen.;Usa los solucionarios para ver los ejercicios resueltos.;Resuelve usted mismo los ejercicios sin ver las respuestas anticipadamente.;Prefiere dar un vistazo a ejercicios resueltos de todos los posibles ejercicios.;NA;NA;NA;NA;NA;NA;NA;NA;4
20;Femenino;16/06/1999;16/06/1999;Estadística;Estadistica;4.1;3;No;Si, propio.;Si, propio.;Si, propio.;Fue un resultado de pasar el virus de animales a los humanos.;No;Tomas notas transcribiendo los ejercicios en clase.;Hace un horario de estudio y se ajusta estrictamente a ese horario.;Lee varias veces un mismo capítulo del libro texto.;Algunas veces estudia solo otras veces con amigos.;Solo le pregunta a los amigos los ejercicios que no pudo resolver.;Toma pausas cada cierto tiempo de estudio continuo.;Madruga a estudiar.;Usa los solucionarios para ver los ejercicios resueltos.;NA;NA;NA;NA;NA;NA;NA;NA;NA;4
21;Femenino;8/12/2020;;Estadística;Estadistica;3.4;2;No;Si, propio.;Si. familiar,;Si, propio.;Fue un resultado de pasar el virus de animales a los humanos.;No;Tomas notas transcribiendo los ejercicios en clase.;Hace un horario de estudio y se ajusta estrictamente a ese horario.;Selecciona un lugar fijo de estudio.;Lee varias veces un mismo capítulo del libro texto.;Algunas veces estudia solo otras veces con amigos.;Los ejercicios los hace junto con los amigos de estudio.;Madruga a estudiar.;Memoriza ejercicios.;Resuelve usted mismo los ejercicios sin ver las respuestas anticipadamente.;Prefiere pocos ejercicios bien entendios a dar un vistazo a muchos ejercicios resueltos.;NA;NA;NA;NA;NA;NA;NA;7
22;Femenino;22/02/2002;22/02/2002;Ingeniería de Sistemas;Ingenieria de sistemas;4.3;2;No;Si, propio.;Si. familiar,;Si, propio.;Fue un resultado de pasar el virus de animales a los humanos.;No;Tomas notas transcribiendo los ejercicios en clase.;Lee varias veces un mismo capítulo del libro texto.;Estudia varios temas distintos en una misma sesión de estudio.;Algunas veces estudia solo otras veces con amigos.;Trasnocha estudiando para un examen.;Madruga a estudiar.;Usa los solucionarios para ver los ejercicios resueltos.;Resuelve usted mismo los ejercicios sin ver las respuestas anticipadamente.;Prefiere pocos ejercicios bien entendios a dar un vistazo a muchos ejercicios resueltos.;NA;NA;NA;NA;NA;NA;NA;NA;7
23;Masculino;15/05/1999;15/05/1999;Ingeniería de Sistemas;Ingenieria de sistemas;3.7;3;No;Si, propio.;Si, propio.;Si, propio.;"Fue un resultado de pasar el virus de animales a los humanos.
Fue fabricado en un laboratorio.";Si;Tomas notas transcribiendo los ejercicios en clase.;Hace un horario de estudio y se ajusta estrictamente a ese horario.;Selecciona un lugar fijo de estudio.;Lee varias veces un mismo capítulo del libro texto.;Algunas veces estudia solo otras veces con amigos.;Los ejercicios los hace junto con los amigos de estudio.;Toma pausas cada cierto tiempo de estudio continuo.;Trasnocha estudiando para un examen.;Madruga a estudiar.;Usa los solucionarios para ver los ejercicios resueltos.;Resuelve usted mismo los ejercicios sin ver las respuestas anticipadamente.;Prefiere pocos ejercicios bien entendios a dar un vistazo a muchos ejercicios resueltos.;NA;NA;NA;NA;NA;7
24;Masculino;11/08/1993;11/08/1993;Estadistica;Estadistica;3;2;No;Si, propio.;Si, alquilado.;Si, propio.;Fue fabricado en un laboratorio.;Si;Algunas veces estudia solo otras veces con amigos.;Toma pausas cada cierto tiempo de estudio continuo.;Estudia todo el tema el día anterior del examen.;Usa los solucionarios para ver los ejercicios resueltos.;Prefiere pocos ejercicios bien entendios a dar un vistazo a muchos ejercicios resueltos.;NA;NA;NA;NA;NA;NA;NA;NA;NA;NA;NA;NA;8
25;Masculino;29/05/2000;29/05/2000;Estadística;Estadistica;4;1;No;Si, propio.;Si. familiar,;Si, propio.;Fue fabricado en un laboratorio.;No;Tomas notas transcribiendo los ejercicios en clase.;Hace un horario de estudio y se ajusta estrictamente a ese horario.;Escucha su música favorita mientras estudia.;Estudia solo.;Solo le pregunta a los amigos los ejercicios que no pudo resolver.;Trasnocha estudiando para un examen.;Prefiere dar un vistazo a ejercicios resueltos de todos los posibles ejercicios.;NA;NA;NA;NA;NA;NA;NA;NA;NA;NA;9
26;Masculino;19/07/1982;19/07/1982;Ingeniería de Sistemas e Infor;Ingenieria de sistemas;3.2;3;Si, propio.;Si, propio.;Si, propio.;Si, propio.;Fue un resultado de pasar el virus de animales a los humanos.;Si;Tomas notas transcribiendo los ejercicios en clase.;Lee varias veces un mismo capítulo del libro texto.;Estudia solo.;Toma pausas cada cierto tiempo de estudio continuo.;Estudia todo el tema el día anterior del examen.;Trasnocha estudiando para un examen.;Madruga a estudiar.;Usa los solucionarios para ver los ejercicios resueltos.;Resuelve usted mismo los ejercicios sin ver las respuestas anticipadamente.;Prefiere pocos ejercicios bien entendios a dar un vistazo a muchos ejercicios resueltos.;Prefiere dar un vistazo a ejercicios resueltos de todos los posibles ejercicios.;NA;NA;NA;NA;NA;NA;2
27;Masculino;6/03/2020;;Estadística;Estadistica;3;3;No;Si, pero prestado.;Si. familiar,;Si, propio.;Fue un resultado de pasar el virus de animales a los humanos.;NA;Hace un horario de estudio y se ajusta estrictamente a ese horario.;Estudia con amigos.;Estudia solo.;Algunas veces estudia solo otras veces con amigos.;Solo le pregunta a los amigos los ejercicios que no pudo resolver.;Los ejercicios los hace junto con los amigos de estudio.;Toma pausas cada cierto tiempo de estudio continuo.;Trasnocha estudiando para un examen.;Madruga a estudiar.;Usa los solucionarios para ver los ejercicios resueltos.;NA;NA;NA;NA;NA;NA;NA;7
28;Femenino;19/10/1996;19/10/1996;Ingeniería Física;Ingenieria Fisica;3.6;4;No;Si, propio.;Si. familiar,;Si, propio.;Fue un resultado de pasar el virus de animales a los humanos.;No;Algunas veces estudia solo otras veces con amigos.;Madruga a estudiar.;Prefiere pocos ejercicios bien entendios a dar un vistazo a muchos ejercicios resueltos.;NA;NA;NA;NA;NA;NA;NA;NA;NA;NA;NA;NA;NA;NA;7
29;Masculino;4/07/2000;4/07/2000;Ingeniería de sistemas;Ingenieria de sistemas;3.8;2;No;Si, propio.;Si. familiar,;Si, propio.;NA;Si;Estudia solo.;Solo le pregunta a los amigos los ejercicios que no pudo resolver.;Toma pausas cada cierto tiempo de estudio continuo.;Usa los solucionarios para ver los ejercicios resueltos.;Resuelve usted mismo los ejercicios sin ver las respuestas anticipadamente.;NA;NA;NA;NA;NA;NA;NA;NA;NA;NA;NA;NA;7
30;Masculino;8/12/2020;;ing sistemas;Ingenieria de sistemas;3.7;2;Si, propio.;No;Si. familiar,;Si, propio.;Fue un resultado de pasar el virus de animales a los humanos.;No;Escucha su música favorita mientras estudia.;Selecciona un lugar fijo de estudio.;Estudia solo.;Solo le pregunta a los amigos los ejercicios que no pudo resolver.;Toma pausas cada cierto tiempo de estudio continuo.;Estudia todo el tema el día anterior del examen.;Trasnocha estudiando para un examen.;Madruga a estudiar.;Usa los solucionarios para ver los ejercicios resueltos.;Resuelve usted mismo los ejercicios sin ver las respuestas anticipadamente.;Prefiere pocos ejercicios bien entendios a dar un vistazo a muchos ejercicios resueltos.;NA;NA;NA;NA;NA;NA;7
31;Masculino;6/12/2000;6/12/2000;estadística;Estadistica;NA;2;No;Si, propio.;Si. familiar,;Si, propio.;Fue fabricado en un laboratorio.;Si;Tomas notas transcribiendo los ejercicios en clase.;Hace un horario de estudio y se ajusta estrictamente a ese horario.;Escucha su música favorita mientras estudia.;Lee varias veces un mismo capítulo del libro texto.;Estudia con amigos.;Algunas veces estudia solo otras veces con amigos.;Los ejercicios los hace junto con los amigos de estudio.;Toma pausas cada cierto tiempo de estudio continuo.;Madruga a estudiar.;Memoriza ejercicios.;Usa los solucionarios para ver los ejercicios resueltos.;Resuelve usted mismo los ejercicios sin ver las respuestas anticipadamente.;NA;NA;NA;NA;NA;8
32;Masculino;/-/-/1994;;Ingeniería de Sistemas;Ingenieria de sistemas;4.1;3;No;Si, propio.;Si, pero plan de datos de celular.;Si, propio.;Fue un resultado de pasar el virus de animales a los humanos.;NA;Tomas notas transcribiendo los ejercicios en clase.;Selecciona un lugar fijo de estudio.;Toma pausas cada cierto tiempo de estudio continuo.;Prefiere pocos ejercicios bien entendios a dar un vistazo a muchos ejercicios resueltos.;NA;NA;NA;NA;NA;NA;NA;NA;NA;NA;NA;NA;NA;5
33;Masculino;29/01/2003;29/01/2003;Estadistica;Estadistica;3.6;3;Si, propio.;No;Si, propio.;Si, propio.;"Fue un resultado de pasar el virus de animales a los humanos.
Fue fabricado en un laboratorio.";No;Tomas notas transcribiendo los ejercicios en clase.;Escucha su música favorita mientras estudia.;Selecciona un lugar fijo de estudio.;Estudia varios temas distintos en una misma sesión de estudio.;Estudia solo.;Solo le pregunta a los amigos los ejercicios que no pudo resolver.;Toma pausas cada cierto tiempo de estudio continuo.;Usa los solucionarios para ver los ejercicios resueltos.;Resuelve usted mismo los ejercicios sin ver las respuestas anticipadamente.;Prefiere pocos ejercicios bien entendios a dar un vistazo a muchos ejercicios resueltos.;Prefiere dar un vistazo a ejercicios resueltos de todos los posibles ejercicios.;NA;NA;NA;NA;NA;NA;8
34;Masculino;22/09/1999;22/09/1999;sistemas;Ingenieria de sistemas;3.4;1;No;Si, propio.;Si, propio.;No;Fue un resultado de pasar el virus de animales a los humanos.;No;Tomas notas transcribiendo los ejercicios en clase.;Escucha su música favorita mientras estudia.;Estudia solo.;Solo le pregunta a los amigos los ejercicios que no pudo resolver.;Toma pausas cada cierto tiempo de estudio continuo.;Trasnocha estudiando para un examen.;Usa los solucionarios para ver los ejercicios resueltos.;Prefiere dar un vistazo a ejercicios resueltos de todos los posibles ejercicios.;NA;NA;NA;NA;NA;NA;NA;NA;NA;2
35;Masculino;12/08/2020;;Ingeniería Física.;Ingenieria Fisica;3.5;2;No;Si, propio.;"Si, de ""contrabando""";Si, propio.;Fue fabricado en un laboratorio.;No;Tomas notas transcribiendo los ejercicios en clase.;Selecciona un lugar fijo de estudio.;Lee varias veces un mismo capítulo del libro texto.;Algunas veces estudia solo otras veces con amigos.;Los ejercicios los hace junto con los amigos de estudio.;Toma pausas cada cierto tiempo de estudio continuo.;Estudia todo el tema el día anterior del examen.;Usa los solucionarios para ver los ejercicios resueltos.;Resuelve usted mismo los ejercicios sin ver las respuestas anticipadamente.;Prefiere pocos ejercicios bien entendios a dar un vistazo a muchos ejercicios resueltos.;NA;NA;NA;NA;NA;NA;NA;5
36;Masculino;8/05/1997;8/05/1997;Ingenieria de Sistemas;Ingenieria de sistemas;4.5;3;No;Si, propio.;Si. familiar,;Si, propio.;Fue un resultado de pasar el virus de animales a los humanos.;Si;Tomas notas transcribiendo los ejercicios en clase.;Estudia varios temas distintos en una misma sesión de estudio.;Algunas veces estudia solo otras veces con amigos.;Los ejercicios los hace junto con los amigos de estudio.;Toma pausas cada cierto tiempo de estudio continuo.;Resuelve usted mismo los ejercicios sin ver las respuestas anticipadamente.;NA;NA;NA;NA;NA;NA;NA;NA;NA;NA;NA;8
37;Masculino;24/10/2001;24/10/2001;Estadistica;Estadistica;3.5;3;No;Si, propio.;Si. familiar,;Si, propio.;Fue fabricado en un laboratorio.;No;Tomas notas transcribiendo los ejercicios en clase.;Algunas veces estudia solo otras veces con amigos.;Solo le pregunta a los amigos los ejercicios que no pudo resolver.;Toma pausas cada cierto tiempo de estudio continuo.;Usa los solucionarios para ver los ejercicios resueltos.;NA;NA;NA;NA;NA;NA;NA;NA;NA;NA;NA;NA;9
38;Femenino;2/11/2003;2/11/2003;Estadística;Estadistica;3.6;2;No;Si, propio.;Si, propio.;Si, propio.;Fue fabricado en un laboratorio.;No;Tomas notas transcribiendo los ejercicios en clase.;Escucha su música favorita mientras estudia.;Selecciona un lugar fijo de estudio.;Algunas veces estudia solo otras veces con amigos.;Solo le pregunta a los amigos los ejercicios que no pudo resolver.;Toma pausas cada cierto tiempo de estudio continuo.;Trasnocha estudiando para un examen.;Madruga a estudiar.;Prefiere pocos ejercicios bien entendios a dar un vistazo a muchos ejercicios resueltos.;NA;NA;NA;NA;NA;NA;NA;NA;7
39;Masculino;19/05/1994;19/05/1994;Estadistica;Estadistica;4.2;2;No;Si, propio.;Si, pero plan de datos de celular.;Si, propio.;NA;Si;Hace un horario de estudio y se ajusta estrictamente a ese horario.;Lee varias veces un mismo capítulo del libro texto.;Estudia solo.;Estudia todo el tema el día anterior del examen.;Trasnocha estudiando para un examen.;Usa los solucionarios para ver los ejercicios resueltos.;Resuelve usted mismo los ejercicios sin ver las respuestas anticipadamente.;Prefiere pocos ejercicios bien entendios a dar un vistazo a muchos ejercicios resueltos.;NA;NA;NA;NA;NA;NA;NA;NA;NA;1
40;Femenino;2/02/1989;2/02/1989;Estadística;Estadistica;3.8;2;No;Si, propio.;Si. familiar,;Si, propio.;Fue un resultado de pasar el virus de animales a los humanos.;No;Tomas notas transcribiendo los ejercicios en clase.;Hace un horario de estudio y se ajusta estrictamente a ese horario.;Escucha su música favorita mientras estudia.;Selecciona un lugar fijo de estudio.;Estudia varios temas distintos en una misma sesión de estudio.;Estudia solo.;Solo le pregunta a los amigos los ejercicios que no pudo resolver.;Toma pausas cada cierto tiempo de estudio continuo.;Madruga a estudiar.;Usa los solucionarios para ver los ejercicios resueltos.;Resuelve usted mismo los ejercicios sin ver las respuestas anticipadamente.;NA;NA;NA;NA;NA;NA;9
41;Masculino;19/01/1999;19/01/1999;Estadistica;Estadistica;3;2;No;Si, propio.;Si. familiar,;Si, propio.;Fue fabricado en un laboratorio.;No;Tomas notas transcribiendo los ejercicios en clase.;Escucha su música favorita mientras estudia.;Algunas veces estudia solo otras veces con amigos.;Solo le pregunta a los amigos los ejercicios que no pudo resolver.;Toma pausas cada cierto tiempo de estudio continuo.;Estudia todo el tema el día anterior del examen.;Trasnocha estudiando para un examen.;Usa los solucionarios para ver los ejercicios resueltos.;Resuelve usted mismo los ejercicios sin ver las respuestas anticipadamente.;NA;NA;NA;NA;NA;NA;NA;NA;1
42;Masculino;25/05/1999;25/05/1999;Estadsitica;Estadistica;3.8;3;Si, propio.;Si, pero prestado.;Si. familiar,;Si, propio.;NA;No;Hace un horario de estudio y se ajusta estrictamente a ese horario.;Algunas veces estudia solo otras veces con amigos.;Toma pausas cada cierto tiempo de estudio continuo.;Resuelve usted mismo los ejercicios sin ver las respuestas anticipadamente.;NA;NA;NA;NA;NA;NA;NA;NA;NA;NA;NA;NA;NA;7
43;Masculino;18/05/1998;18/05/1998;Sistemas;Ingenieria de sistemas;3.8;4;Si, propio.;Si, propio.;Si, propio.;Si, propio.;Fue un resultado de pasar el virus de animales a los humanos.;NA;Hace un horario de estudio y se ajusta estrictamente a ese horario.;Selecciona un lugar fijo de estudio.;Lee varias veces un mismo capítulo del libro texto.;Estudia solo.;Solo le pregunta a los amigos los ejercicios que no pudo resolver.;Toma pausas cada cierto tiempo de estudio continuo.;Madruga a estudiar.;Usa los solucionarios para ver los ejercicios resueltos.;Resuelve usted mismo los ejercicios sin ver las respuestas anticipadamente.;Prefiere pocos ejercicios bien entendios a dar un vistazo a muchos ejercicios resueltos.;NA;NA;NA;NA;NA;NA;NA;7
44;Masculino;01/0!/2000;;Estadistica;Estadistica;3.9;3;No;Si, propio.;Si. familiar,;Si, propio.;NA;No;Tomas notas transcribiendo los ejercicios en clase.;Escucha su música favorita mientras estudia.;Estudia con amigos.;Estudia solo.;Algunas veces estudia solo otras veces con amigos.;Solo le pregunta a los amigos los ejercicios que no pudo resolver.;Los ejercicios los hace junto con los amigos de estudio.;Toma pausas cada cierto tiempo de estudio continuo.;Estudia todo el tema el día anterior del examen.;Trasnocha estudiando para un examen.;Madruga a estudiar.;Usa los solucionarios para ver los ejercicios resueltos.;Resuelve usted mismo los ejercicios sin ver las respuestas anticipadamente.;Prefiere pocos ejercicios bien entendios a dar un vistazo a muchos ejercicios resueltos.;Prefiere dar un vistazo a ejercicios resueltos de todos los posibles ejercicios.;NA;NA;314.159.265.359
45;Masculino;7102003;7/02/2003;Estadistica;Estadistica;3.8;2;Si, pero alquilado.;No;Si, alquilado.;Si, propio.;Fue fabricado en un laboratorio.;Si;Tomas notas transcribiendo los ejercicios en clase.;Hace un horario de estudio y se ajusta estrictamente a ese horario.;Estudia solo.;Estudia todo el tema el día anterior del examen.;Trasnocha estudiando para un examen.;Resuelve usted mismo los ejercicios sin ver las respuestas anticipadamente.;NA;NA;NA;NA;NA;NA;NA;NA;NA;NA;NA;10
46;Masculino;170992;17/09/1992;Ingeniería de sistemas;Ingenieria de sistemas;3.6;3;Si, propio.;Si, propio.;Si, propio.;Si, propio.;Fue fabricado en un laboratorio.;No;Tomas notas transcribiendo los ejercicios en clase.;Selecciona un lugar fijo de estudio.;Estudia solo.;Solo le pregunta a los amigos los ejercicios que no pudo resolver.;Toma pausas cada cierto tiempo de estudio continuo.;Trasnocha estudiando para un examen.;NA;NA;NA;NA;NA;NA;NA;NA;NA;NA;NA;5
47;Masculino;5/09/1996;5/09/1996;Ingeniería de Sistemas;Ingenieria de sistemas;3.8;3;No;Si, propio.;Si, propio.;Si, propio.;"Fue un resultado de pasar el virus de animales a los humanos.
Fue fabricado en un laboratorio.";No;Tomas notas transcribiendo los ejercicios en clase.;Selecciona un lugar fijo de estudio.;Algunas veces estudia solo otras veces con amigos.;Los ejercicios los hace junto con los amigos de estudio.;Usa los solucionarios para ver los ejercicios resueltos.;Resuelve usted mismo los ejercicios sin ver las respuestas anticipadamente.;Prefiere pocos ejercicios bien entendios a dar un vistazo a muchos ejercicios resueltos.;NA;NA;NA;NA;NA;NA;NA;NA;NA;NA;10
48;Masculino;15/10/2001;15/10/2001;Sistemas;Ingenieria de sistemas;3.4;2;Si, propio.;Si, propio.;Si, propio.;Si, propio.;Fue un resultado de pasar el virus de animales a los humanos.;NA;Tomas notas transcribiendo los ejercicios en clase.;Hace un horario de estudio y se ajusta estrictamente a ese horario.;Escucha su música favorita mientras estudia.;Selecciona un lugar fijo de estudio.;Lee varias veces un mismo capítulo del libro texto.;Algunas veces estudia solo otras veces con amigos.;Toma pausas cada cierto tiempo de estudio continuo.;Estudia todo el tema el día anterior del examen.;Madruga a estudiar.;Usa los solucionarios para ver los ejercicios resueltos.;Prefiere pocos ejercicios bien entendios a dar un vistazo a muchos ejercicios resueltos.;Prefiere dar un vistazo a ejercicios resueltos de todos los posibles ejercicios.;NA;NA;NA;NA;NA;4
49;Masculino;12/08/2020;;Ingenieria de Sistemas;Ingenieria de sistemas;3.5;4;No;Si, propio.;Si. familiar,;Si, propio.;Fue fabricado en un laboratorio.;Si;Escucha su música favorita mientras estudia.;Selecciona un lugar fijo de estudio.;Estudia solo.;Algunas veces estudia solo otras veces con amigos.;Los ejercicios los hace junto con los amigos de estudio.;Trasnocha estudiando para un examen.;Madruga a estudiar.;Usa los solucionarios para ver los ejercicios resueltos.;Resuelve usted mismo los ejercicios sin ver las respuestas anticipadamente.;Prefiere dar un vistazo a ejercicios resueltos de todos los posibles ejercicios.;NA;NA;NA;NA;NA;NA;NA;7
50;Masculino;30/03/1998;30/03/1998;Ingeniería Industrial;Ingenieria industrial;4.1;1;No;Si, propio.;Si. familiar,;Si, propio.;Fue un resultado de pasar el virus de animales a los humanos.;No;Tomas notas transcribiendo los ejercicios en clase.;Lee varias veces un mismo capítulo del libro texto.;Estudia varios temas distintos en una misma sesión de estudio.;Estudia solo.;Solo le pregunta a los amigos los ejercicios que no pudo resolver.;Toma pausas cada cierto tiempo de estudio continuo.;Madruga a estudiar.;Resuelve usted mismo los ejercicios sin ver las respuestas anticipadamente.;Prefiere dar un vistazo a ejercicios resueltos de todos los posibles ejercicios.;NA;NA;NA;NA;NA;NA;NA;NA;7
51;Masculino;11/03/2002;11/03/2002;Estadística;Estadistica;4;3;Si, propio.;Si, propio.;Si. familiar,;Si, propio.;Fue un resultado de pasar el virus de animales a los humanos.;No;Tomas notas transcribiendo los ejercicios en clase.;Hace un horario de estudio y se ajusta estrictamente a ese horario.;Selecciona un lugar fijo de estudio.;Estudia varios temas distintos en una misma sesión de estudio.;Estudia solo.;Solo le pregunta a los amigos los ejercicios que no pudo resolver.;Toma pausas cada cierto tiempo de estudio continuo.;Madruga a estudiar.;Resuelve usted mismo los ejercicios sin ver las respuestas anticipadamente.;Prefiere pocos ejercicios bien entendios a dar un vistazo a muchos ejercicios resueltos.;NA;NA;NA;NA;NA;NA;NA;5
52;Masculino;26/01/1997;26/01/1997;Estadistica;Estadistica;3.4;2;Si, propio.;Si, propio.;Si, propio.;Si, propio.;Fue fabricado en un laboratorio.;No;Tomas notas transcribiendo los ejercicios en clase.;Escucha su música favorita mientras estudia.;Lee varias veces un mismo capítulo del libro texto.;Algunas veces estudia solo otras veces con amigos.;Solo le pregunta a los amigos los ejercicios que no pudo resolver.;Toma pausas cada cierto tiempo de estudio continuo.;Madruga a estudiar.;Memoriza ejercicios.;Usa los solucionarios para ver los ejercicios resueltos.;NA;NA;NA;NA;NA;NA;NA;NA;8
53;Femenino;5/05/2002;5/05/2002;Estadistica;Estadistica;3.3;2;Si, propio.;No;Si. familiar,;Si, propio.;"Fue un resultado de pasar el virus de animales a los humanos.
Fue fabricado en un laboratorio.";No;Tomas notas transcribiendo los ejercicios en clase.;Selecciona un lugar fijo de estudio.;Algunas veces estudia solo otras veces con amigos.;Solo le pregunta a los amigos los ejercicios que no pudo resolver.;Toma pausas cada cierto tiempo de estudio continuo.;Madruga a estudiar.;Resuelve usted mismo los ejercicios sin ver las respuestas anticipadamente.;NA;NA;NA;NA;NA;NA;NA;NA;NA;NA;5
54;Masculino;7/09/1995;5/05/2003;estadística;Estadistica;4;2;Si, propio.;Si, pero prestado.;Si. familiar,;Si, propio.;Fue fabricado en un laboratorio.;No;Hace un horario de estudio y se ajusta estrictamente a ese horario.;Algunas veces estudia solo otras veces con amigos.;Toma pausas cada cierto tiempo de estudio continuo.;Trasnocha estudiando para un examen.;Memoriza ejercicios.;NA;NA;NA;NA;NA;NA;NA;NA;NA;NA;NA;NA;10
55;Masculino;27/11/2002;5/05/2004;Estadística;Estadistica;4.1;3;No;Si, propio.;Si. familiar,;Si, propio.;Fue un resultado de pasar el virus de animales a los humanos.;No;Escucha su música favorita mientras estudia.;Selecciona un lugar fijo de estudio.;Estudia varios temas distintos en una misma sesión de estudio.;Algunas veces estudia solo otras veces con amigos.;Los ejercicios los hace junto con los amigos de estudio.;Trasnocha estudiando para un examen.;Resuelve usted mismo los ejercicios sin ver las respuestas anticipadamente.;Prefiere pocos ejercicios bien entendios a dar un vistazo a muchos ejercicios resueltos.;NA;NA;NA;NA;NA;NA;NA;NA;NA;3
56;Femenino;27/09/2000;5/05/2005;Matemáticas;Matematica;4;4;No;Si, propio.;Si. familiar,;Si, propio.;Fue un resultado de pasar el virus de animales a los humanos.;No;Tomas notas transcribiendo los ejercicios en clase.;Selecciona un lugar fijo de estudio.;Lee varias veces un mismo capítulo del libro texto.;Estudia solo.;Solo le pregunta a los amigos los ejercicios que no pudo resolver.;Toma pausas cada cierto tiempo de estudio continuo.;Madruga a estudiar.;Usa los solucionarios para ver los ejercicios resueltos.;Resuelve usted mismo los ejercicios sin ver las respuestas anticipadamente.;Prefiere pocos ejercicios bien entendios a dar un vistazo a muchos ejercicios resueltos.;NA;NA;NA;NA;NA;NA;NA;7
57;Femenino;12/05/1998;12/05/1998;Ingeniería de sistemas;Ingenieria de sistemas;3.5;3;Si, propio.;No;Si. familiar,;Si, propio.;Fue un resultado de pasar el virus de animales a los humanos.;Si;Lee varias veces un mismo capítulo del libro texto.;Estudia varios temas distintos en una misma sesión de estudio.;Estudia solo.;Toma pausas cada cierto tiempo de estudio continuo.;Trasnocha estudiando para un examen.;Usa los solucionarios para ver los ejercicios resueltos.;Resuelve usted mismo los ejercicios sin ver las respuestas anticipadamente.;Prefiere pocos ejercicios bien entendios a dar un vistazo a muchos ejercicios resueltos.;NA;NA;NA;NA;NA;NA;NA;NA;NA;6
58;Femenino;14/11/1999;14/11/1999;Ingeniería Física;Ingenieria Fisica;3.6;1;Si, propio.;No;Si, propio.;Si, propio.;NA;No;Tomas notas transcribiendo los ejercicios en clase.;Hace un horario de estudio y se ajusta estrictamente a ese horario.;Escucha su música favorita mientras estudia.;Selecciona un lugar fijo de estudio.;Algunas veces estudia solo otras veces con amigos.;Los ejercicios los hace junto con los amigos de estudio.;Toma pausas cada cierto tiempo de estudio continuo.;Resuelve usted mismo los ejercicios sin ver las respuestas anticipadamente.;Prefiere pocos ejercicios bien entendios a dar un vistazo a muchos ejercicios resueltos.;NA;NA;NA;NA;NA;NA;NA;NA;2
59;Masculino;30/01/2001;30/01/2001;Ingeniería en Sistemas;Ingenieria de sistemas;4;2;No;Si, propio.;Si. familiar,;Si, propio.;Fue un resultado de pasar el virus de animales a los humanos.;Si;Escucha su música favorita mientras estudia.;Algunas veces estudia solo otras veces con amigos.;Solo le pregunta a los amigos los ejercicios que no pudo resolver.;Resuelve usted mismo los ejercicios sin ver las respuestas anticipadamente.;NA;NA;NA;NA;NA;NA;NA;NA;NA;NA;NA;NA;NA;8
60;Femenino;13/03/1997;13/03/1997;Matemáticas;Matematica;NA;3;Si,  pero prestado;Si, propio.;Si. familiar,;Si, propio.;Fue un resultado de pasar el virus de animales a los humanos.;No;Hace un horario de estudio y se ajusta estrictamente a ese horario.;Escucha su música favorita mientras estudia.;Selecciona un lugar fijo de estudio.;Estudia varios temas distintos en una misma sesión de estudio.;Estudia con amigos.;Estudia solo.;Algunas veces estudia solo otras veces con amigos.;Toma pausas cada cierto tiempo de estudio continuo.;Trasnocha estudiando para un examen.;Madruga a estudiar.;Resuelve usted mismo los ejercicios sin ver las respuestas anticipadamente.;Prefiere pocos ejercicios bien entendios a dar un vistazo a muchos ejercicios resueltos.;NA;NA;NA;NA;NA;3
61;Masculino;25/04/2001;25/04/2001;estadística;Estadistica;3.3;2;No;Si, propio.;Si. familiar,;Si, propio.;Fue fabricado en un laboratorio.;No;Escucha su música favorita mientras estudia.;Selecciona un lugar fijo de estudio.;Estudia varios temas distintos en una misma sesión de estudio.;Estudia solo.;Algunas veces estudia solo otras veces con amigos.;Solo le pregunta a los amigos los ejercicios que no pudo resolver.;Toma pausas cada cierto tiempo de estudio continuo.;Estudia todo el tema el día anterior del examen.;Trasnocha estudiando para un examen.;Usa los solucionarios para ver los ejercicios resueltos.;Estudia solamente las soluciones de los libros o de los compañeros.;NA;NA;NA;NA;NA;NA;7
62;Masculino;2/11/1995;2/11/1995;Ingeniería Administrativa;Ingenieria administrativa;3.8;3;No;Si, propio.;Si. familiar,;Si, propio.;Fue un resultado de pasar el virus de animales a los humanos.;No;Tomas notas transcribiendo los ejercicios en clase.;Algunas veces estudia solo otras veces con amigos.;Toma pausas cada cierto tiempo de estudio continuo.;Resuelve usted mismo los ejercicios sin ver las respuestas anticipadamente.;Prefiere pocos ejercicios bien entendios a dar un vistazo a muchos ejercicios resueltos.;NA;NA;NA;NA;NA;NA;NA;NA;NA;NA;NA;NA;10
63;Femenino;8/10/2001;8/10/2001;estadística;Estadistica;4;3;No;Si, propio.;Si. familiar,;Si, propio.;Fue fabricado en un laboratorio.;NA;Hace un horario de estudio y se ajusta estrictamente a ese horario.;Selecciona un lugar fijo de estudio.;Estudia con amigos.;Estudia solo.;Los ejercicios los hace junto con los amigos de estudio.;Toma pausas cada cierto tiempo de estudio continuo.;Madruga a estudiar.;Resuelve usted mismo los ejercicios sin ver las respuestas anticipadamente.;Prefiere pocos ejercicios bien entendios a dar un vistazo a muchos ejercicios resueltos.;NA;NA;NA;NA;NA;NA;NA;NA;8
64;Masculino;4/09/1999;4/09/1999;ingenieria de sistemas;Ingenieria de sistemas;4;3;Si, propio.;No;Si, propio.;Si, propio.;Fue un resultado de pasar el virus de animales a los humanos.;Si;Hace un horario de estudio y se ajusta estrictamente a ese horario.;Selecciona un lugar fijo de estudio.;Lee varias veces un mismo capítulo del libro texto.;Algunas veces estudia solo otras veces con amigos.;Solo le pregunta a los amigos los ejercicios que no pudo resolver.;Toma pausas cada cierto tiempo de estudio continuo.;Estudia todo el tema el día anterior del examen.;Trasnocha estudiando para un examen.;Memoriza ejercicios.;Usa los solucionarios para ver los ejercicios resueltos.;Resuelve usted mismo los ejercicios sin ver las respuestas anticipadamente.;Prefiere dar un vistazo a ejercicios resueltos de todos los posibles ejercicios.;NA;NA;NA;NA;NA;8
65;Femenino;20/06/2001;20/06/2001;estadistica;Estadistica;3;3;No;Si, propio.;Si. familiar,;Si, propio.;"Es una conspiración.
Fue un resultado de pasar el virus de animales a los humanos.
Fue fabricado en un laboratorio.";Si;Tomas notas transcribiendo los ejercicios en clase.;Escucha su música favorita mientras estudia.;Selecciona un lugar fijo de estudio.;Lee varias veces un mismo capítulo del libro texto.;Estudia varios temas distintos en una misma sesión de estudio.;Estudia solo.;Solo le pregunta a los amigos los ejercicios que no pudo resolver.;Toma pausas cada cierto tiempo de estudio continuo.;Madruga a estudiar.;Estudia solamente las soluciones de los libros o de los compañeros.;Resuelve usted mismo los ejercicios sin ver las respuestas anticipadamente.;Prefiere dar un vistazo a ejercicios resueltos de todos los posibles ejercicios.;NA;NA;NA;NA;NA;2
66;Masculino;26/11/1999;26/11/1999;Estadística;Estadistica;3.5;2;No;Si, propio.;Si, propio.;Si, propio.;Fue fabricado en un laboratorio.;No;Tomas notas transcribiendo los ejercicios en clase.;Hace un horario de estudio y se ajusta estrictamente a ese horario.;Escucha su música favorita mientras estudia.;Selecciona un lugar fijo de estudio.;Estudia solo.;Toma pausas cada cierto tiempo de estudio continuo.;Resuelve usted mismo los ejercicios sin ver las respuestas anticipadamente.;Prefiere dar un vistazo a ejercicios resueltos de todos los posibles ejercicios.;NA;NA;NA;NA;NA;NA;NA;NA;NA;7
67;Masculino;21/06//83;21/06/1983;ingeniería de sistemas;Ingenieria de sistemas;3;0;No;Si, propio.;Si, propio.;Si, propio.;Fue un resultado de pasar el virus de animales a los humanos.;Si;Tomas notas transcribiendo los ejercicios en clase.;Escucha su música favorita mientras estudia.;Selecciona un lugar fijo de estudio.;Lee varias veces un mismo capítulo del libro texto.;Algunas veces estudia solo otras veces con amigos.;Solo le pregunta a los amigos los ejercicios que no pudo resolver.;Toma pausas cada cierto tiempo de estudio continuo.;Usa los solucionarios para ver los ejercicios resueltos.;Resuelve usted mismo los ejercicios sin ver las respuestas anticipadamente.;Prefiere pocos ejercicios bien entendios a dar un vistazo a muchos ejercicios resueltos.;NA;NA;NA;NA;NA;NA;NA;3
68;Femenino;26/04/2000;26/04/2000;ingeniería en sistema;Ingenieria de sistemas;4.6;2;No;Si, propio.;Si, propio.;Si, propio.;Fue fabricado en un laboratorio.;No;Estudia solo.;Solo le pregunta a los amigos los ejercicios que no pudo resolver.;Toma pausas cada cierto tiempo de estudio continuo.;Madruga a estudiar.;Resuelve usted mismo los ejercicios sin ver las respuestas anticipadamente.;NA;NA;NA;NA;NA;NA;NA;NA;NA;NA;NA;NA;6
69;Masculino;25/05/1999;25/05/1999;Estadística;Estadistica;3.7;3;No;Si, propio.;Si. familiar,;Si, propio.;Fue un resultado de pasar el virus de animales a los humanos.;NA;Hace un horario de estudio y se ajusta estrictamente a ese horario.;Escucha su música favorita mientras estudia.;Selecciona un lugar fijo de estudio.;Lee varias veces un mismo capítulo del libro texto.;Estudia varios temas distintos en una misma sesión de estudio.;Estudia solo.;Solo le pregunta a los amigos los ejercicios que no pudo resolver.;Toma pausas cada cierto tiempo de estudio continuo.;Estudia todo el tema el día anterior del examen.;Trasnocha estudiando para un examen.;Usa los solucionarios para ver los ejercicios resueltos.;Resuelve usted mismo los ejercicios sin ver las respuestas anticipadamente.;NA;NA;NA;NA;NA;6
70;Masculino;15/10/1999;15/10/1999;Estadistica;Estadistica;4;3;Si, propio.;Si, propio.;Si. familiar,;Si, propio.;Fue un resultado de pasar el virus de animales a los humanos.;Si;Selecciona un lugar fijo de estudio.;Lee varias veces un mismo capítulo del libro texto.;Algunas veces estudia solo otras veces con amigos.;Toma pausas cada cierto tiempo de estudio continuo.;Madruga a estudiar.;Resuelve usted mismo los ejercicios sin ver las respuestas anticipadamente.;Prefiere pocos ejercicios bien entendios a dar un vistazo a muchos ejercicios resueltos.;NA;NA;NA;NA;NA;NA;NA;NA;NA;NA;7
71;Masculino;13/04/2001;13/04/2001;Ingeniería de Sistemas;Ingenieria de sistemas;3.6;3;Si, propio.;No;Si. familiar,;Si, propio.;Fue fabricado en un laboratorio.;No;Tomas notas transcribiendo los ejercicios en clase.;Escucha su música favorita mientras estudia.;Selecciona un lugar fijo de estudio.;Lee varias veces un mismo capítulo del libro texto.;Estudia varios temas distintos en una misma sesión de estudio.;Estudia solo.;Solo le pregunta a los amigos los ejercicios que no pudo resolver.;Estudia todo el tema el día anterior del examen.;Trasnocha estudiando para un examen.;Memoriza ejercicios.;Usa los solucionarios para ver los ejercicios resueltos.;Resuelve usted mismo los ejercicios sin ver las respuestas anticipadamente.;Prefiere dar un vistazo a ejercicios resueltos de todos los posibles ejercicios.;NA;NA;NA;NA;9
72;Masculino;28/02/1996;28/02/1996;Sistemas e Informática;Ingenieria de sistemas;3.5;1;No;Si, propio.;Si. familiar,;Si, propio.;Fue fabricado en un laboratorio.;No;Tomas notas transcribiendo los ejercicios en clase.;Selecciona un lugar fijo de estudio.;Estudia varios temas distintos en una misma sesión de estudio.;Estudia solo.;Trasnocha estudiando para un examen.;Usa los solucionarios para ver los ejercicios resueltos.;Resuelve usted mismo los ejercicios sin ver las respuestas anticipadamente.;Prefiere dar un vistazo a ejercicios resueltos de todos los posibles ejercicios.;NA;NA;NA;NA;NA;NA;NA;NA;NA;9
73;Masculino;18/09/2000;18/09/2000;Ingeniería de Sistemas;Ingenieria de sistemas;3.9;2;No;Si, propio.;Si, propio.;Si, propio.;"Fue un resultado de pasar el virus de animales a los humanos.
Fue fabricado en un laboratorio.";Si;Tomas notas transcribiendo los ejercicios en clase.;Selecciona un lugar fijo de estudio.;Algunas veces estudia solo otras veces con amigos.;Solo le pregunta a los amigos los ejercicios que no pudo resolver.;Toma pausas cada cierto tiempo de estudio continuo.;Usa los solucionarios para ver los ejercicios resueltos.;Prefiere pocos ejercicios bien entendios a dar un vistazo a muchos ejercicios resueltos.;Prefiere dar un vistazo a ejercicios resueltos de todos los posibles ejercicios.;NA;NA;NA;NA;NA;NA;NA;NA;NA;8
74;Masculino;12/08/2020;;Estadistica;Estadistica;4.2;3;No;Si, pero prestado.;Si. familiar,;Si, propio.;Fue un resultado de pasar el virus de animales a los humanos.;No;Estudia solo.;Algunas veces estudia solo otras veces con amigos.;NA;NA;NA;NA;NA;NA;NA;NA;NA;NA;NA;NA;NA;NA;NA;10
75;Femenino;18/07/2002;18/07/2002;Estadistica;Estadistica;4.3;2;Si, propio.;Si, pero prestado.;Si. familiar,;Si, propio.;Fue un resultado de pasar el virus de animales a los humanos.;Si;Tomas notas transcribiendo los ejercicios en clase.;Lee varias veces un mismo capítulo del libro texto.;Algunas veces estudia solo otras veces con amigos.;Solo le pregunta a los amigos los ejercicios que no pudo resolver.;Toma pausas cada cierto tiempo de estudio continuo.;Estudia todo el tema el día anterior del examen.;Trasnocha estudiando para un examen.;Usa los solucionarios para ver los ejercicios resueltos.;Resuelve usted mismo los ejercicios sin ver las respuestas anticipadamente.;Prefiere pocos ejercicios bien entendios a dar un vistazo a muchos ejercicios resueltos.;NA;NA;NA;NA;NA;NA;NA;8
76;Femenino;30/12/1997;30/12/1997;Estadística;Estadistica;4;1;No;Si, propio.;Si. familiar,;Si, propio.;Fue fabricado en un laboratorio.;No;Tomas notas transcribiendo los ejercicios en clase.;Hace un horario de estudio y se ajusta estrictamente a ese horario.;Selecciona un lugar fijo de estudio.;Estudia solo.;Toma pausas cada cierto tiempo de estudio continuo.;Usa los solucionarios para ver los ejercicios resueltos.;Resuelve usted mismo los ejercicios sin ver las respuestas anticipadamente.;Prefiere pocos ejercicios bien entendios a dar un vistazo a muchos ejercicios resueltos.;NA;NA;NA;NA;NA;NA;NA;NA;NA;8
77;Masculino;12/08/2000;12/08/2000;Ing. de Sistemas e Informática;Ingenieria de sistemas;3.4;4;No;Si, propio.;Si. familiar,;Si, propio.;Fue un resultado de pasar el virus de animales a los humanos.;No;Tomas notas transcribiendo los ejercicios en clase.;Escucha su música favorita mientras estudia.;Selecciona un lugar fijo de estudio.;Algunas veces estudia solo otras veces con amigos.;Solo le pregunta a los amigos los ejercicios que no pudo resolver.;Toma pausas cada cierto tiempo de estudio continuo.;Trasnocha estudiando para un examen.;Usa los solucionarios para ver los ejercicios resueltos.;Resuelve usted mismo los ejercicios sin ver las respuestas anticipadamente.;Prefiere pocos ejercicios bien entendios a dar un vistazo a muchos ejercicios resueltos.;NA;NA;NA;NA;NA;NA;NA;8
78;Femenino;5/06/2001;5/06/2001;Estadística;Estadistica;4;2;No;Si, propio.;Si, propio.;Si, prestado.;NA;No;Tomas notas transcribiendo los ejercicios en clase.;Hace un horario de estudio y se ajusta estrictamente a ese horario.;Estudia con amigos.;Toma pausas cada cierto tiempo de estudio continuo.;Usa los solucionarios para ver los ejercicios resueltos.;Prefiere pocos ejercicios bien entendios a dar un vistazo a muchos ejercicios resueltos.;NA;NA;NA;NA;NA;NA;NA;NA;NA;NA;NA;5
79;Femenino;1/08/2002;1/08/2002;Estadística;Estadistica;4.6;3;No;Si, propio.;Si. familiar,;Si, propio.;NA;No;Tomas notas transcribiendo los ejercicios en clase.;Hace un horario de estudio y se ajusta estrictamente a ese horario.;Estudia varios temas distintos en una misma sesión de estudio.;Algunas veces estudia solo otras veces con amigos.;Solo le pregunta a los amigos los ejercicios que no pudo resolver.;Trasnocha estudiando para un examen.;Prefiere pocos ejercicios bien entendios a dar un vistazo a muchos ejercicios resueltos.;NA;NA;NA;NA;NA;NA;NA;NA;NA;NA;1
80;Masculino;28/03/2003;28/03/2003;Estadística;Estadistica;3.7;3;No;Si, propio.;Si. familiar,;Si, propio.;Fue un resultado de pasar el virus de animales a los humanos.;NA;Tomas notas transcribiendo los ejercicios en clase.;Hace un horario de estudio y se ajusta estrictamente a ese horario.;Escucha su música favorita mientras estudia.;Selecciona un lugar fijo de estudio.;Lee varias veces un mismo capítulo del libro texto.;Estudia solo.;Madruga a estudiar.;Memoriza ejercicios.;Usa los solucionarios para ver los ejercicios resueltos.;Resuelve usted mismo los ejercicios sin ver las respuestas anticipadamente.;Prefiere pocos ejercicios bien entendios a dar un vistazo a muchos ejercicios resueltos.;Prefiere dar un vistazo a ejercicios resueltos de todos los posibles ejercicios.;NA;NA;NA;NA;NA;7
81;Femenino;24/07/2001;24/07/2001;Estadística;Estadistica;3.8;1;No;Si, propio.;Si. familiar,;Si, propio.;"Fue un resultado de pasar el virus de animales a los humanos.
Fue fabricado en un laboratorio.";No;Tomas notas transcribiendo los ejercicios en clase.;Hace un horario de estudio y se ajusta estrictamente a ese horario.;Selecciona un lugar fijo de estudio.;Lee varias veces un mismo capítulo del libro texto.;Estudia varios temas distintos en una misma sesión de estudio.;Estudia solo.;Solo le pregunta a los amigos los ejercicios que no pudo resolver.;Toma pausas cada cierto tiempo de estudio continuo.;Estudia todo el tema el día anterior del examen.;Trasnocha estudiando para un examen.;NA;NA;NA;NA;NA;NA;NA;3
82;Masculino;28/09/1956;28/09/1956;ESTADISTICA;Estadistica;3.9;2;Si,  pero prestado;No;Si, prestado.;Si, propio.;Fue un resultado de pasar el virus de animales a los humanos.;Si;Tomas notas transcribiendo los ejercicios en clase.;Lee varias veces un mismo capítulo del libro texto.;Solo le pregunta a los amigos los ejercicios que no pudo resolver.;Usa los solucionarios para ver los ejercicios resueltos.;NA;NA;NA;NA;NA;NA;NA;NA;NA;NA;NA;NA;NA;9
83;Masculino;25/12/2000;25/12/2000;Ingeniería de sistemas;Ingenieria de sistemas;3.9;3;No;Si, propio.;Si. familiar,;Si, propio.;Fue un resultado de pasar el virus de animales a los humanos.;No;Tomas notas transcribiendo los ejercicios en clase.;Hace un horario de estudio y se ajusta estrictamente a ese horario.;Escucha su música favorita mientras estudia.;Selecciona un lugar fijo de estudio.;Estudia varios temas distintos en una misma sesión de estudio.;Algunas veces estudia solo otras veces con amigos.;Toma pausas cada cierto tiempo de estudio continuo.;Trasnocha estudiando para un examen.;Resuelve usted mismo los ejercicios sin ver las respuestas anticipadamente.;Prefiere pocos ejercicios bien entendios a dar un vistazo a muchos ejercicios resueltos.;NA;NA;NA;NA;NA;NA;NA;5
84;Masculino;12/06/2000;12/06/2000;Estadística;Estadistica;3.8;2;Si, propio.;Si, propio.;Si, propio.;Si, propio.;Fue un resultado de pasar el virus de animales a los humanos.;No;Tomas notas transcribiendo los ejercicios en clase.;Hace un horario de estudio y se ajusta estrictamente a ese horario.;Selecciona un lugar fijo de estudio.;Lee varias veces un mismo capítulo del libro texto.;Estudia varios temas distintos en una misma sesión de estudio.;Algunas veces estudia solo otras veces con amigos.;Los ejercicios los hace junto con los amigos de estudio.;Toma pausas cada cierto tiempo de estudio continuo.;Estudia todo el tema el día anterior del examen.;Trasnocha estudiando para un examen.;Resuelve usted mismo los ejercicios sin ver las respuestas anticipadamente.;Prefiere pocos ejercicios bien entendios a dar un vistazo a muchos ejercicios resueltos.;NA;NA;NA;NA;NA;10
85;Masculino;14/07/2001;14/07/2001;Estadística;Estadistica;3;3;No;Si, propio.;Si. familiar,;Si, propio.;NA;No;Tomas notas transcribiendo los ejercicios en clase.;Estudia solo.;Solo le pregunta a los amigos los ejercicios que no pudo resolver.;NA;NA;NA;NA;NA;NA;NA;NA;NA;NA;NA;NA;NA;NA;4
86;Femenino;19/08/2000;19/08/2000;Estadística;Estadistica;NA;2;No;Si, propio.;Si. familiar,;Si, propio.;Es una conspiración.;No;Tomas notas transcribiendo los ejercicios en clase.;Selecciona un lugar fijo de estudio.;Algunas veces estudia solo otras veces con amigos.;Toma pausas cada cierto tiempo de estudio continuo.;Madruga a estudiar.;Memoriza ejercicios.;Resuelve usted mismo los ejercicios sin ver las respuestas anticipadamente.;Prefiere pocos ejercicios bien entendios a dar un vistazo a muchos ejercicios resueltos.;NA;NA;NA;NA;NA;NA;NA;NA;NA;8
87;Femenino;14/01/2003;14/01/2003;Estadística;Estadistica;4.7;3;Si, propio.;Si, propio.;Si. familiar,;Si, propio.;NA;No;Hace un horario de estudio y se ajusta estrictamente a ese horario.;Escucha su música favorita mientras estudia.;Algunas veces estudia solo otras veces con amigos.;Solo le pregunta a los amigos los ejercicios que no pudo resolver.;Toma pausas cada cierto tiempo de estudio continuo.;Madruga a estudiar.;Resuelve usted mismo los ejercicios sin ver las respuestas anticipadamente.;Prefiere pocos ejercicios bien entendios a dar un vistazo a muchos ejercicios resueltos.;NA;NA;NA;NA;NA;NA;NA;NA;NA;3
88;Masculino;21/03/1998;21/03/1998;Estadística;Estadistica;3.9;3;Si, propio.;Si, propio.;Si, propio.;Si, propio.;Fue fabricado en un laboratorio.;No;Tomas notas transcribiendo los ejercicios en clase.;Hace un horario de estudio y se ajusta estrictamente a ese horario.;Escucha su música favorita mientras estudia.;Selecciona un lugar fijo de estudio.;Lee varias veces un mismo capítulo del libro texto.;Algunas veces estudia solo otras veces con amigos.;Toma pausas cada cierto tiempo de estudio continuo.;Estudia todo el tema el día anterior del examen.;Trasnocha estudiando para un examen.;Prefiere dar un vistazo a ejercicios resueltos de todos los posibles ejercicios.;NA;NA;NA;NA;NA;NA;NA;7
89;Masculino;28/01/1996;28/01/1996;Ingería de sistemas e informat;Ingenieria de sistemas;3.5;3;No;Si, propio.;Si. familiar,;Si, propio.;Fue un resultado de pasar el virus de animales a los humanos.;NA;Selecciona un lugar fijo de estudio.;Algunas veces estudia solo otras veces con amigos.;Solo le pregunta a los amigos los ejercicios que no pudo resolver.;Toma pausas cada cierto tiempo de estudio continuo.;Memoriza ejercicios.;Usa los solucionarios para ver los ejercicios resueltos.;NA;NA;NA;NA;NA;NA;NA;NA;NA;NA;NA;10
90;Masculino;9/06/1999;9/06/1999;Ing. Sistemas;Ingenieria de sistemas;3.6;4;Si, propio.;Si, propio.;Si. familiar,;Si, propio.;Fue un resultado de pasar el virus de animales a los humanos.;No;Selecciona un lugar fijo de estudio.;Lee varias veces un mismo capítulo del libro texto.;Estudia solo.;Usa los solucionarios para ver los ejercicios resueltos.;Resuelve usted mismo los ejercicios sin ver las respuestas anticipadamente.;Prefiere pocos ejercicios bien entendios a dar un vistazo a muchos ejercicios resueltos.;NA;NA;NA;NA;NA;NA;NA;NA;NA;NA;NA;10
91;Femenino;2/05/2000;2/05/2000;Ingenieria de Sistemas;Ingenieria de sistemas;3.6;2;No;Si, propio.;Si. familiar,;Si, propio.;Fue un resultado de pasar el virus de animales a los humanos.;Si;Tomas notas transcribiendo los ejercicios en clase.;Selecciona un lugar fijo de estudio.;Estudia varios temas distintos en una misma sesión de estudio.;Algunas veces estudia solo otras veces con amigos.;Solo le pregunta a los amigos los ejercicios que no pudo resolver.;Toma pausas cada cierto tiempo de estudio continuo.;Estudia todo el tema el día anterior del examen.;Trasnocha estudiando para un examen.;Memoriza ejercicios.;Usa los solucionarios para ver los ejercicios resueltos.;Resuelve usted mismo los ejercicios sin ver las respuestas anticipadamente.;Prefiere pocos ejercicios bien entendios a dar un vistazo a muchos ejercicios resueltos.;NA;NA;NA;NA;NA;2
92;Femenino;19/10/2001;19/10/2001;Estadística;Estadistica;3.9;2;No;Si, propio.;Si, pero plan de datos de celular.;Si, propio.;NA;NA;Tomas notas transcribiendo los ejercicios en clase.;Selecciona un lugar fijo de estudio.;Lee varias veces un mismo capítulo del libro texto.;Estudia solo.;Toma pausas cada cierto tiempo de estudio continuo.;NA;NA;NA;NA;NA;NA;NA;NA;NA;NA;NA;NA;5
93;Masculino;29/08/2001;29/08/2001;Estadistica;Estadistica;3.3;2;No;Si, propio.;Si. familiar,;Si, propio.;Fue un resultado de pasar el virus de animales a los humanos.;Si;Estudia solo.;NA;NA;NA;NA;NA;NA;NA;NA;NA;NA;NA;NA;NA;NA;NA;NA;3
94;Masculino;2/06/2000;2/06/2000;Ing. De Sistemas e Informática;Ingenieria de sistemas;3.6;4;No;Si, propio.;Si, alquilado.;Si, propio.;Fue un resultado de pasar el virus de animales a los humanos.;No;Tomas notas transcribiendo los ejercicios en clase.;Escucha su música favorita mientras estudia.;Algunas veces estudia solo otras veces con amigos.;Solo le pregunta a los amigos los ejercicios que no pudo resolver.;Los ejercicios los hace junto con los amigos de estudio.;Toma pausas cada cierto tiempo de estudio continuo.;Trasnocha estudiando para un examen.;Usa los solucionarios para ver los ejercicios resueltos.;Prefiere dar un vistazo a ejercicios resueltos de todos los posibles ejercicios.;NA;NA;NA;NA;NA;NA;NA;NA;2
95;Masculino;7/09/1993;7/09/1993;Ingeniería de Sistemas;Ingenieria de sistemas;3.4;1;No;Si, propio.;Si, alquilado.;Si, propio.;Fue fabricado en un laboratorio.;No;Selecciona un lugar fijo de estudio.;Lee varias veces un mismo capítulo del libro texto.;Algunas veces estudia solo otras veces con amigos.;Solo le pregunta a los amigos los ejercicios que no pudo resolver.;Toma pausas cada cierto tiempo de estudio continuo.;Usa los solucionarios para ver los ejercicios resueltos.;Resuelve usted mismo los ejercicios sin ver las respuestas anticipadamente.;Prefiere pocos ejercicios bien entendios a dar un vistazo a muchos ejercicios resueltos.;NA;NA;NA;NA;NA;NA;NA;NA;NA;9
96;Femenino;10/09/2002;10/09/2002;Estadistica;Estadistica;4.3;3;No;Si, pero prestado.;Si. familiar,;Si, propio.;Fue un resultado de pasar el virus de animales a los humanos.;No;Tomas notas transcribiendo los ejercicios en clase.;Algunas veces estudia solo otras veces con amigos.;Solo le pregunta a los amigos los ejercicios que no pudo resolver.;Toma pausas cada cierto tiempo de estudio continuo.;Estudia solamente las soluciones de los libros o de los compañeros.;Resuelve usted mismo los ejercicios sin ver las respuestas anticipadamente.;Prefiere pocos ejercicios bien entendios a dar un vistazo a muchos ejercicios resueltos.;NA;NA;NA;NA;NA;NA;NA;NA;NA;NA;4
97;Masculino;5/06/2002;5/06/2002;Estadística;Estadistica;4.7;2;Si, propio.;No;Si. familiar,;Si, propio.;Fue fabricado en un laboratorio.;No;Tomas notas transcribiendo los ejercicios en clase.;Hace un horario de estudio y se ajusta estrictamente a ese horario.;Selecciona un lugar fijo de estudio.;Estudia varios temas distintos en una misma sesión de estudio.;Algunas veces estudia solo otras veces con amigos.;Solo le pregunta a los amigos los ejercicios que no pudo resolver.;Toma pausas cada cierto tiempo de estudio continuo.;Madruga a estudiar.;Resuelve usted mismo los ejercicios sin ver las respuestas anticipadamente.;Prefiere pocos ejercicios bien entendios a dar un vistazo a muchos ejercicios resueltos.;NA;NA;NA;NA;NA;NA;NA;7
98;Masculino;25/07/2001;25/07/2001;Ingeniería de sistemas;Ingenieria de sistemas;3.7;3;No;Si, propio.;Si, propio.;Si, propio.;Fue un resultado de pasar el virus de animales a los humanos.;No;Tomas notas transcribiendo los ejercicios en clase.;Escucha su música favorita mientras estudia.;Estudia varios temas distintos en una misma sesión de estudio.;Algunas veces estudia solo otras veces con amigos.;Estudia todo el tema el día anterior del examen.;Trasnocha estudiando para un examen.;Usa los solucionarios para ver los ejercicios resueltos.;Resuelve usted mismo los ejercicios sin ver las respuestas anticipadamente.;Prefiere pocos ejercicios bien entendios a dar un vistazo a muchos ejercicios resueltos.;NA;NA;NA;NA;NA;NA;NA;NA;7
99;Masculino;14/09/2002;14/09/2002;Estadistica;Estadistica;3.5;3;No;Si, propio.;Si, propio.;Si, propio.;Fue un resultado de pasar el virus de animales a los humanos.;Si;Tomas notas transcribiendo los ejercicios en clase.;Selecciona un lugar fijo de estudio.;Lee varias veces un mismo capítulo del libro texto.;Estudia varios temas distintos en una misma sesión de estudio.;Estudia solo.;Solo le pregunta a los amigos los ejercicios que no pudo resolver.;Toma pausas cada cierto tiempo de estudio continuo.;Estudia todo el tema el día anterior del examen.;Trasnocha estudiando para un examen.;Usa los solucionarios para ver los ejercicios resueltos.;Resuelve usted mismo los ejercicios sin ver las respuestas anticipadamente.;Prefiere dar un vistazo a ejercicios resueltos de todos los posibles ejercicios.;NA;NA;NA;NA;NA;4
100;Masculino;5/06/2003;5/06/2003;estadística;Estadistica;3.7;1;Si, propio.;No;Si. familiar,;Si, propio.;Fue fabricado en un laboratorio.;No;Tomas notas transcribiendo los ejercicios en clase.;Escucha su música favorita mientras estudia.;Selecciona un lugar fijo de estudio.;Estudia varios temas distintos en una misma sesión de estudio.;Estudia solo.;Solo le pregunta a los amigos los ejercicios que no pudo resolver.;Toma pausas cada cierto tiempo de estudio continuo.;Estudia todo el tema el día anterior del examen.;Trasnocha estudiando para un examen.;Madruga a estudiar.;Usa los solucionarios para ver los ejercicios resueltos.;Resuelve usted mismo los ejercicios sin ver las respuestas anticipadamente.;Prefiere pocos ejercicios bien entendios a dar un vistazo a muchos ejercicios resueltos.;NA;NA;NA;NA;7
101;Masculino;12/08/2020;;ESTADÍSTICA;Estadistica;4;3;No;Si, propio.;Si, prestado.;Si, propio.;Fue un resultado de pasar el virus de animales a los humanos.;No;Tomas notas transcribiendo los ejercicios en clase.;Hace un horario de estudio y se ajusta estrictamente a ese horario.;Selecciona un lugar fijo de estudio.;Lee varias veces un mismo capítulo del libro texto.;Estudia varios temas distintos en una misma sesión de estudio.;Algunas veces estudia solo otras veces con amigos.;Toma pausas cada cierto tiempo de estudio continuo.;Estudia todo el tema el día anterior del examen.;Madruga a estudiar.;Resuelve usted mismo los ejercicios sin ver las respuestas anticipadamente.;Prefiere pocos ejercicios bien entendios a dar un vistazo a muchos ejercicios resueltos.;NA;NA;NA;NA;NA;NA;4
102;Masculino;2/12/2001;2/12/2001;Ingeniería Biológica;Ingenieria biol?gica;3.4;3;No;Si, propio.;Si, propio.;Si, propio.;Fue un resultado de pasar el virus de animales a los humanos.;No;Tomas notas transcribiendo los ejercicios en clase.;Hace un horario de estudio y se ajusta estrictamente a ese horario.;Selecciona un lugar fijo de estudio.;Lee varias veces un mismo capítulo del libro texto.;Algunas veces estudia solo otras veces con amigos.;Toma pausas cada cierto tiempo de estudio continuo.;Estudia todo el tema el día anterior del examen.;Memoriza ejercicios.;Usa los solucionarios para ver los ejercicios resueltos.;Resuelve usted mismo los ejercicios sin ver las respuestas anticipadamente.;Prefiere pocos ejercicios bien entendios a dar un vistazo a muchos ejercicios resueltos.;NA;NA;NA;NA;NA;NA;2
103;Masculino;5/03/1998;5/03/1998;Ingenieria de sistemas;Ingenieria de sistemas;4.3;4;No;Si, propio.;Si, propio.;Si, propio.;NA;NA;Escucha su música favorita mientras estudia.;Estudia solo.;Toma pausas cada cierto tiempo de estudio continuo.;Usa los solucionarios para ver los ejercicios resueltos.;Resuelve usted mismo los ejercicios sin ver las respuestas anticipadamente.;NA;NA;NA;NA;NA;NA;NA;NA;NA;NA;NA;NA;1
104;Femenino;7/11/1995;7/11/1995;Estadistica;Estadistica;3.5;3;No;No;Si, propio.;Si, propio.;Es una conspiración.;No;Tomas notas transcribiendo los ejercicios en clase.;Algunas veces estudia solo otras veces con amigos.;Solo le pregunta a los amigos los ejercicios que no pudo resolver.;Estudia todo el tema el día anterior del examen.;Madruga a estudiar.;Memoriza ejercicios.;Usa los solucionarios para ver los ejercicios resueltos.;Resuelve usted mismo los ejercicios sin ver las respuestas anticipadamente.;NA;NA;NA;NA;NA;NA;NA;NA;NA;7
105;Masculino;4/11/2000;4/11/2000;Ingeniería en sistemas;Ingenieria de sistemas;3.6;1;Si, propio.;Si, propio.;Si, propio.;Si, propio.;"Es una conspiración.
No es real, es un pretexto de los gobiernos del mundo.
Fue fabricado en un laboratorio.";No;Escucha su música favorita mientras estudia.;Selecciona un lugar fijo de estudio.;Estudia varios temas distintos en una misma sesión de estudio.;Algunas veces estudia solo otras veces con amigos.;Los ejercicios los hace junto con los amigos de estudio.;Estudia todo el tema el día anterior del examen.;Trasnocha estudiando para un examen.;Usa los solucionarios para ver los ejercicios resueltos.;Resuelve usted mismo los ejercicios sin ver las respuestas anticipadamente.;Prefiere dar un vistazo a ejercicios resueltos de todos los posibles ejercicios.;NA;NA;NA;NA;NA;NA;NA;8
106;Masculino;9/11/1996;9/11/1996;Ingeniería administrativa;Ingenieria administrativa;3.6;3;No;Si, propio.;Si, propio.;Si, propio.;Fue un resultado de pasar el virus de animales a los humanos.;No;Tomas notas transcribiendo los ejercicios en clase.;Selecciona un lugar fijo de estudio.;Estudia solo.;Trasnocha estudiando para un examen.;NA;NA;NA;NA;NA;NA;NA;NA;NA;NA;NA;NA;NA;8
107;Masculino;25/07/2001;25/07/2001;estadística;Estadistica;3.8;3;No;Si, propio.;Si, propio.;Si, alquilado.;Es una conspiración.;No;Tomas notas transcribiendo los ejercicios en clase.;Lee varias veces un mismo capítulo del libro texto.;Estudia con amigos.;Estudia solo.;Algunas veces estudia solo otras veces con amigos.;Los ejercicios los hace junto con los amigos de estudio.;Toma pausas cada cierto tiempo de estudio continuo.;Usa los solucionarios para ver los ejercicios resueltos.;Prefiere pocos ejercicios bien entendios a dar un vistazo a muchos ejercicios resueltos.;NA;NA;NA;NA;NA;NA;NA;NA;7
108;Masculino;14/05/1995;14/05/1995;ing de sistemas e informatica.;Ingenieria de sistemas;NA;NA;No;Si, propio.;Si. familiar,;Si, propio.;Fue un resultado de pasar el virus de animales a los humanos.;No;Tomas notas transcribiendo los ejercicios en clase.;Escucha su música favorita mientras estudia.;Estudia solo.;Trasnocha estudiando para un examen.;Usa los solucionarios para ver los ejercicios resueltos.;Prefiere pocos ejercicios bien entendios a dar un vistazo a muchos ejercicios resueltos.;NA;NA;NA;NA;NA;NA;NA;NA;NA;NA;NA;7
109;Masculino;21/03/2003;21/03/2003;Estadística;Estadistica;3.5;1;No;Si, pero prestado.;Si. familiar,;Si, propio.;Fue fabricado en un laboratorio.;No;Tomas notas transcribiendo los ejercicios en clase.;Escucha su música favorita mientras estudia.;Selecciona un lugar fijo de estudio.;Algunas veces estudia solo otras veces con amigos.;Los ejercicios los hace junto con los amigos de estudio.;Toma pausas cada cierto tiempo de estudio continuo.;Estudia todo el tema el día anterior del examen.;Trasnocha estudiando para un examen.;Madruga a estudiar.;Prefiere pocos ejercicios bien entendios a dar un vistazo a muchos ejercicios resueltos.;NA;NA;NA;NA;NA;NA;NA;7
110;Masculino;1/12/1999;1/12/1999;Estadística;Estadistica;3.1;2;No;Si, propio.;Si. familiar,;NA;Es una conspiración.;No;Tomas notas transcribiendo los ejercicios en clase.;Lee varias veces un mismo capítulo del libro texto.;Toma pausas cada cierto tiempo de estudio continuo.;Prefiere pocos ejercicios bien entendios a dar un vistazo a muchos ejercicios resueltos.;Prefiere dar un vistazo a ejercicios resueltos de todos los posibles ejercicios.;NA;NA;NA;NA;NA;NA;NA;NA;NA;NA;NA;NA;7
111;Masculino;25/03/2001;25/03/2001;Estadistica;Estadistica;NA;1;Si, propio.;No;Si, propio.;Si, propio.;Fue un resultado de pasar el virus de animales a los humanos.;No;Tomas notas transcribiendo los ejercicios en clase.;Estudia varios temas distintos en una misma sesión de estudio.;Estudia solo.;Algunas veces estudia solo otras veces con amigos.;Solo le pregunta a los amigos los ejercicios que no pudo resolver.;Toma pausas cada cierto tiempo de estudio continuo.;Usa los solucionarios para ver los ejercicios resueltos.;Resuelve usted mismo los ejercicios sin ver las respuestas anticipadamente.;Prefiere pocos ejercicios bien entendios a dar un vistazo a muchos ejercicios resueltos.;Prefiere dar un vistazo a ejercicios resueltos de todos los posibles ejercicios.;NA;NA;NA;NA;NA;NA;NA;8
112;Masculino;23/08/1987;23/08/1987;ingenieria de sistemas;Ingenieria de sistemas;3;2;Si, propio.;Si, propio.;Si, propio.;Si, propio.;Fue un resultado de pasar el virus de animales a los humanos.;No;Tomas notas transcribiendo los ejercicios en clase.;Selecciona un lugar fijo de estudio.;Estudia solo.;Solo le pregunta a los amigos los ejercicios que no pudo resolver.;Usa los solucionarios para ver los ejercicios resueltos.;Resuelve usted mismo los ejercicios sin ver las respuestas anticipadamente.;NA;NA;NA;NA;NA;NA;NA;NA;NA;NA;NA;9
113;Femenino;12/12/2002;12/12/2002;ESTADÍSTICA;Estadistica;3.3;1;No;Si, pero alquilado.;Si, prestado.;Si, propio.;Fue un resultado de pasar el virus de animales a los humanos.;NA;Tomas notas transcribiendo los ejercicios en clase.;Selecciona un lugar fijo de estudio.;Lee varias veces un mismo capítulo del libro texto.;Algunas veces estudia solo otras veces con amigos.;Solo le pregunta a los amigos los ejercicios que no pudo resolver.;Toma pausas cada cierto tiempo de estudio continuo.;Trasnocha estudiando para un examen.;Madruga a estudiar.;Usa los solucionarios para ver los ejercicios resueltos.;Prefiere pocos ejercicios bien entendios a dar un vistazo a muchos ejercicios resueltos.;NA;NA;NA;NA;NA;NA;NA;5
114;Masculino;20\06\1994;20/06/1994;Ingenieria de sistemas e Infor;Ingenieria de sistemas;3.8;3;Si, propio.;Si, propio.;Si. familiar,;Si, propio.;"Fue un resultado de pasar el virus de animales a los humanos.
Fue fabricado en un laboratorio.";Si;Tomas notas transcribiendo los ejercicios en clase.;Selecciona un lugar fijo de estudio.;Lee varias veces un mismo capítulo del libro texto.;Estudia solo.;Solo le pregunta a los amigos los ejercicios que no pudo resolver.;Toma pausas cada cierto tiempo de estudio continuo.;Trasnocha estudiando para un examen.;Usa los solucionarios para ver los ejercicios resueltos.;Resuelve usted mismo los ejercicios sin ver las respuestas anticipadamente.;Prefiere pocos ejercicios bien entendios a dar un vistazo a muchos ejercicios resueltos.;NA;NA;NA;NA;NA;NA;NA;10
115;Masculino;26/04/1999;26/01/1999;Ingeniería de sistemas;Ingenieria de sistemas;NA;2;Si, propio.;No;Si. familiar,;Si, propio.;"Es una conspiración.
Fue fabricado en un laboratorio.";No;Tomas notas transcribiendo los ejercicios en clase.;Escucha su música favorita mientras estudia.;Lee varias veces un mismo capítulo del libro texto.;Estudia varios temas distintos en una misma sesión de estudio.;Algunas veces estudia solo otras veces con amigos.;Los ejercicios los hace junto con los amigos de estudio.;Toma pausas cada cierto tiempo de estudio continuo.;Trasnocha estudiando para un examen.;Memoriza ejercicios.;Resuelve usted mismo los ejercicios sin ver las respuestas anticipadamente.;Prefiere dar un vistazo a ejercicios resueltos de todos los posibles ejercicios.;NA;NA;NA;NA;NA;NA;6
116;Masculino;25/07/2001;25/07/2001;Estadística;Estadistica;3.9;2;No;Si, propio.;Si, propio.;Si, propio.;Fue fabricado en un laboratorio.;Si;Hace un horario de estudio y se ajusta estrictamente a ese horario.;Selecciona un lugar fijo de estudio.;Lee varias veces un mismo capítulo del libro texto.;Algunas veces estudia solo otras veces con amigos.;Toma pausas cada cierto tiempo de estudio continuo.;Resuelve usted mismo los ejercicios sin ver las respuestas anticipadamente.;NA;NA;NA;NA;NA;NA;NA;NA;NA;NA;NA;7
117;Masculino;23/09/1995;23/09/1995;Estadística;Estadistica;3.8;5;No;Si, propio.;Si, propio.;Si, propio.;No es real, es un pretexto de los gobiernos del mundo.;No;Estudia solo.;Resuelve usted mismo los ejercicios sin ver las respuestas anticipadamente.;NA;NA;NA;NA;NA;NA;NA;NA;NA;NA;NA;NA;NA;NA;NA;5
118;Masculino;18/11/1999;18/11/1999;Ingeniería de Sistemas;Ingenieria de sistemas;3.5;2;Si,  pero prestado;Si, pero prestado.;Si, prestado.;Si, propio.;Fue un resultado de pasar el virus de animales a los humanos.;NA;Tomas notas transcribiendo los ejercicios en clase.;Hace un horario de estudio y se ajusta estrictamente a ese horario.;Escucha su música favorita mientras estudia.;Selecciona un lugar fijo de estudio.;Lee varias veces un mismo capítulo del libro texto.;Estudia varios temas distintos en una misma sesión de estudio.;Algunas veces estudia solo otras veces con amigos.;Los ejercicios los hace junto con los amigos de estudio.;Toma pausas cada cierto tiempo de estudio continuo.;Estudia todo el tema el día anterior del examen.;Trasnocha estudiando para un examen.;Madruga a estudiar.;Memoriza ejercicios.;Usa los solucionarios para ver los ejercicios resueltos.;Resuelve usted mismo los ejercicios sin ver las respuestas anticipadamente.;Prefiere pocos ejercicios bien entendios a dar un vistazo a muchos ejercicios resueltos.;Prefiere dar un vistazo a ejercicios resueltos de todos los posibles ejercicios.;5
119;Masculino;23/11/2001;23/11/2001;Estadistica;Estadistica;3.8;2;No;Si, propio.;Si. familiar,;Si, propio.;NA;NA;Tomas notas transcribiendo los ejercicios en clase.;Hace un horario de estudio y se ajusta estrictamente a ese horario.;Escucha su música favorita mientras estudia.;Estudia con amigos.;Los ejercicios los hace junto con los amigos de estudio.;Toma pausas cada cierto tiempo de estudio continuo.;Usa los solucionarios para ver los ejercicios resueltos.;Resuelve usted mismo los ejercicios sin ver las respuestas anticipadamente.;NA;NA;NA;NA;NA;NA;NA;NA;NA;8
120;Femenino;4/03/2003;4/03/2003;Estadística;Estadistica;3.6;3;No;Si, propio.;Si. familiar,;Si, propio.;Fue un resultado de pasar el virus de animales a los humanos.;No;Tomas notas transcribiendo los ejercicios en clase.;Hace un horario de estudio y se ajusta estrictamente a ese horario.;Escucha su música favorita mientras estudia.;Selecciona un lugar fijo de estudio.;Estudia solo.;Toma pausas cada cierto tiempo de estudio continuo.;Resuelve usted mismo los ejercicios sin ver las respuestas anticipadamente.;Prefiere pocos ejercicios bien entendios a dar un vistazo a muchos ejercicios resueltos.;NA;NA;NA;NA;NA;NA;NA;NA;NA;9
121;Masculino;20/05/1998;20/05/1998;Estadística;Estadistica;3.6;3;Si, propio.;Si, propio.;Si, propio.;Si, propio.;"Fue un resultado de pasar el virus de animales a los humanos.
Fue fabricado en un laboratorio.";No;Selecciona un lugar fijo de estudio.;Lee varias veces un mismo capítulo del libro texto.;Estudia solo.;Solo le pregunta a los amigos los ejercicios que no pudo resolver.;Toma pausas cada cierto tiempo de estudio continuo.;Usa los solucionarios para ver los ejercicios resueltos.;Resuelve usted mismo los ejercicios sin ver las respuestas anticipadamente.;Prefiere dar un vistazo a ejercicios resueltos de todos los posibles ejercicios.;NA;NA;NA;NA;NA;NA;NA;NA;NA;6
122;Masculino;29/09/2000;29/09/2000;Estadística;Estadistica;3.8;3;No;Si, propio.;Si. familiar,;Si, prestado.;"Es una conspiración.
Fue fabricado en un laboratorio.";No;Tomas notas transcribiendo los ejercicios en clase.;Lee varias veces un mismo capítulo del libro texto.;Estudia con amigos.;Estudia solo.;Algunas veces estudia solo otras veces con amigos.;Solo le pregunta a los amigos los ejercicios que no pudo resolver.;Los ejercicios los hace junto con los amigos de estudio.;Toma pausas cada cierto tiempo de estudio continuo.;Estudia todo el tema el día anterior del examen.;Usa los solucionarios para ver los ejercicios resueltos.;Resuelve usted mismo los ejercicios sin ver las respuestas anticipadamente.;Prefiere pocos ejercicios bien entendios a dar un vistazo a muchos ejercicios resueltos.;Prefiere dar un vistazo a ejercicios resueltos de todos los posibles ejercicios.;NA;NA;NA;NA;7
123;Femenino;13/08/2000;13/08/2000;Estadística;Estadistica;3.8;2;No;Si, pero prestado.;Si. familiar,;Si, propio.;Fue un resultado de pasar el virus de animales a los humanos.;No;Tomas notas transcribiendo los ejercicios en clase.;Escucha su música favorita mientras estudia.;Selecciona un lugar fijo de estudio.;Estudia varios temas distintos en una misma sesión de estudio.;Estudia con amigos.;Estudia solo.;Algunas veces estudia solo otras veces con amigos.;Solo le pregunta a los amigos los ejercicios que no pudo resolver.;Toma pausas cada cierto tiempo de estudio continuo.;Estudia todo el tema el día anterior del examen.;Trasnocha estudiando para un examen.;Memoriza ejercicios.;Usa los solucionarios para ver los ejercicios resueltos.;Resuelve usted mismo los ejercicios sin ver las respuestas anticipadamente.;Prefiere pocos ejercicios bien entendios a dar un vistazo a muchos ejercicios resueltos.;Prefiere dar un vistazo a ejercicios resueltos de todos los posibles ejercicios.;NA;2
124;Masculino;29/07/2001;29/07/2001;Ingeniería de Sistemas;Ingenieria de sistemas;3.7;4;No;Si, propio.;Si, propio.;Si, propio.;NA;NA;Tomas notas transcribiendo los ejercicios en clase.;Lee varias veces un mismo capítulo del libro texto.;Estudia varios temas distintos en una misma sesión de estudio.;Algunas veces estudia solo otras veces con amigos.;Toma pausas cada cierto tiempo de estudio continuo.;Estudia todo el tema el día anterior del examen.;Trasnocha estudiando para un examen.;Madruga a estudiar.;Memoriza ejercicios.;Usa los solucionarios para ver los ejercicios resueltos.;Resuelve usted mismo los ejercicios sin ver las respuestas anticipadamente.;NA;NA;NA;NA;NA;NA;5
125;Masculino;14/07/1994;;ESTADÍSTICA;Estadistica;4.3;1;No;Si, propio.;Si, alquilado.;Si, propio.;Fue fabricado en un laboratorio.;No;Tomas notas transcribiendo los ejercicios en clase.;Hace un horario de estudio y se ajusta estrictamente a ese horario.;Lee varias veces un mismo capítulo del libro texto.;Estudia solo.;Solo le pregunta a los amigos los ejercicios que no pudo resolver.;Toma pausas cada cierto tiempo de estudio continuo.;Madruga a estudiar.;Usa los solucionarios para ver los ejercicios resueltos.;Resuelve usted mismo los ejercicios sin ver las respuestas anticipadamente.;Prefiere dar un vistazo a ejercicios resueltos de todos los posibles ejercicios.;NA;NA;NA;NA;NA;NA;NA;7
126;Masculino;31/10/1999;31/10/1999;estadistica;Estadistica;3;1;No;Si, pero prestado.;Si. familiar,;Si, propio.;Fue un resultado de pasar el virus de animales a los humanos.;No;Estudia solo.;Algunas veces estudia solo otras veces con amigos.;Toma pausas cada cierto tiempo de estudio continuo.;NA;NA;NA;NA;NA;NA;NA;NA;NA;NA;NA;NA;NA;NA;4
127;Femenino;4/07/2001;4/07/2001;Estadística;Estadistica;3.5;1;No;Si, propio.;Si. familiar,;Si, propio.;Fue un resultado de pasar el virus de animales a los humanos.;No;Tomas notas transcribiendo los ejercicios en clase.;Hace un horario de estudio y se ajusta estrictamente a ese horario.;Selecciona un lugar fijo de estudio.;Lee varias veces un mismo capítulo del libro texto.;Solo le pregunta a los amigos los ejercicios que no pudo resolver.;Toma pausas cada cierto tiempo de estudio continuo.;Madruga a estudiar.;Resuelve usted mismo los ejercicios sin ver las respuestas anticipadamente.;Prefiere pocos ejercicios bien entendios a dar un vistazo a muchos ejercicios resueltos.;NA;NA;NA;NA;NA;NA;NA;NA;4
128;Masculino;8/03/2001;8/03/2001;estadística;Estadistica;NA;3;Si, propio.;Si, propio.;Si, propio.;Si, propio.;Fue un resultado de pasar el virus de animales a los humanos.;No;Tomas notas transcribiendo los ejercicios en clase.;Selecciona un lugar fijo de estudio.;Lee varias veces un mismo capítulo del libro texto.;Algunas veces estudia solo otras veces con amigos.;Los ejercicios los hace junto con los amigos de estudio.;Toma pausas cada cierto tiempo de estudio continuo.;Estudia todo el tema el día anterior del examen.;Trasnocha estudiando para un examen.;Madruga a estudiar.;Memoriza ejercicios.;NA;NA;NA;NA;NA;NA;NA;5
129;Femenino;6/02/2001;6/02/2001;Estadistica;Estadistica;3;3;No;Si, propio.;Si, propio.;Si, propio.;Fue fabricado en un laboratorio.;No;Tomas notas transcribiendo los ejercicios en clase.;Lee varias veces un mismo capítulo del libro texto.;Algunas veces estudia solo otras veces con amigos.;Usa los solucionarios para ver los ejercicios resueltos.;Prefiere pocos ejercicios bien entendios a dar un vistazo a muchos ejercicios resueltos.;Prefiere dar un vistazo a ejercicios resueltos de todos los posibles ejercicios.;NA;NA;NA;NA;NA;NA;NA;NA;NA;NA;NA;6
130;Masculino;12/12/1999;12/12/1999;Ingeniería de Sistemas e Infor;Ingenieria de sistemas;3.4;2;No;Si, pero prestado.;Si. familiar,;Si, propio.;Fue fabricado en un laboratorio.;No;Hace un horario de estudio y se ajusta estrictamente a ese horario.;Escucha su música favorita mientras estudia.;Selecciona un lugar fijo de estudio.;Estudia solo.;Solo le pregunta a los amigos los ejercicios que no pudo resolver.;Toma pausas cada cierto tiempo de estudio continuo.;Madruga a estudiar.;Usa los solucionarios para ver los ejercicios resueltos.;Resuelve usted mismo los ejercicios sin ver las respuestas anticipadamente.;NA;NA;NA;NA;NA;NA;NA;NA;8
131;Femenino;1/01/2003;1/01/2003;Estadística;Estadistica;4.2;2;No;Si, pero prestado.;Si, propio.;Si, propio.;NA;No;Hace un horario de estudio y se ajusta estrictamente a ese horario.;Selecciona un lugar fijo de estudio.;Estudia solo.;Solo le pregunta a los amigos los ejercicios que no pudo resolver.;Toma pausas cada cierto tiempo de estudio continuo.;Resuelve usted mismo los ejercicios sin ver las respuestas anticipadamente.;Prefiere pocos ejercicios bien entendios a dar un vistazo a muchos ejercicios resueltos.;NA;NA;NA;NA;NA;NA;NA;NA;NA;NA;1
132;Masculino;6/07/2002;6/07/2002;Estadística;Estadistica;4;2;No;Si, propio.;Si. familiar,;Si, propio.;Fue un resultado de pasar el virus de animales a los humanos.;Si;Tomas notas transcribiendo los ejercicios en clase.;Hace un horario de estudio y se ajusta estrictamente a ese horario.;Algunas veces estudia solo otras veces con amigos.;Usa los solucionarios para ver los ejercicios resueltos.;Resuelve usted mismo los ejercicios sin ver las respuestas anticipadamente.;NA;NA;NA;NA;NA;NA;NA;NA;NA;NA;NA;NA;6
